iteration_frequency,error_pattern_change,time_to_completion,self_evaluation_score,external_feedback_quality,task_complexity_level,engagement_depth,confidence_level,knowledge_transfer_success,consistency_score,abstract_signal_strength,response_latency_variability,intentional_error_flag,revisit_rate,vocabulary_expansion_count,feedback_revision_delay,surprise_tolerance_score,exploratory_task_deviation,self_explanation_count,output_compression_ratio,emotional_consistency_score,curiosity_level
12,0.45,150.2,3,2,4,0.75,0.65,1,0.80,0.70,0.25,0,3,8,120.5,0.60,0.30,2,0.55,0.85,0.70
8,-0.10,320.5,2,1,7,0.60,0.40,0,0.65,0.50,0.45,0,5,4,300.0,0.45,0.50,1,0.40,0.60,0.55
15,0.30,80.7,4,3,3,0.85,0.80,1,0.90,0.75,0.15,0,2,10,60.2,0.70,0.20,3,0.65,0.95,0.80
5,0.05,450.1,1,0,8,0.50,0.30,0,0.55,0.45,0.60,0,7,2,600.8,0.35,0.65,0,0.30,0.50,0.40
10,0.25,200.3,3,2,5,0.70,0.60,1,0.75,0.65,0.30,1,4,6,180.4,0.65,0.40,5,0.50,0.80,0.75
18,0.60,100.4,5,3,2,0.90,0.85,1,0.95,0.80,0.10,0,1,12,30.1,0.80,0.15,4,0.70,0.90,0.85
7,-0.20,380.9,2,1,6,0.55,0.45,0,0.60,0.55,0.50,0,6,3,450.7,0.50,0.55,1,0.45,0.65,0.50
14,0.35,130.6,4,2,3,0.80,0.75,1,0.85,0.70,0.20,0,2,9,90.3,0.75,0.25,3,0.60,0.85,0.80
9,0.15,280.7,2,1,6,0.65,0.50,0,0.70,0.60,0.40,0,5,5,250.6,0.55,0.45,2,0.50,0.70,0.60
11,0.50,160.8,3,2,4,0.75,0.65,1,0.80,0.65,0.25,1,3,7,110.5,0.65,0.35,4,0.55,0.80,0.70
6,-0.05,400.2,1,0,7,0.50,0.35,0,0.60,0.50,0.55,0,6,3,500.9,0.40,0.60,0,0.35,0.55,0.45
13,0.40,120.5,4,3,3,0.85,0.80,1,0.90,0.75,0.15,0,2,11,50.2,0.70,0.20,3,0.65,0.90,0.85
8,0.10,300.4,2,1,6,0.60,0.45,0,0.65,0.55,0.45,0,5,4,320.7,0.50,0.50,1,0.40,0.65,0.55
16,0.55,90.3,5,3,2,0.90,0.85,1,0.95,0.80,0.10,0,1,13,20.1,0.80,0.15,4,0.70,0.95,0.90
10,-0.15,350.8,2,1,7,0.55,0.40,0,0.60,0.50,0.50,0,6,3,400.6,0.45,0.55,1,0.45,0.60,0.50
12,0.30,140.7,3,2,4,0.75,0.65,1,0.80,0.70,0.25,1,3,8,100.4,0.65,0.35,4,0.55,0.80,0.75
7,0.05,420.9,1,0,8,0.50,0.30,0,0.55,0.45,0.60,0,7,2,600.8,0.35,0.65,0,0.30,0.50,0.40
15,0.45,110.6,4,3,3,0.85,0.80,1,0.90,0.75,0.15,0,2,10,60.3,0.75,0.20,3,0.65,0.90,0.80
9,-0.10,310.5,2,1,6,0.60,0.45,0,0.65,0.55,0.45,0,5,4,300.7,0.50,0.50,1,0.40,0.65,0.55
11,0.35,170.8,3,2,4,0.75,0.65,1,0.80,0.70,0.25,1,3,7,120.5,0.65,0.35,4,0.55,0.80,0.70
6,-0.05,390.2,1,0,7,0.50,0.35,0,0.60,0.50,0.55,0,6,3,500.9,0.40,0.60,0,0.35,0.55,0.45
14,0.40,130.5,4,3,3,0.85,0.80,1,0.90,0.75,0.15,0,2,11,50.2,0.70,0.20,3,0.65,0.90,0.85
8,0.10,290.4,2,1,6,0.60,0.45,0,0.65,0.55,0.45,0,5,4,320.7,0.50,0.50,1,0.40,0.65,0.55
16,0.55,100.3,5,3,2,0.90,0.85,1,0.95,0.80,0.10,0,1,13,20.1,0.80,0.15,4,0.70,0.95,0.90
10,-0.15,340.8,2,1,7,0.55,0.40,0,0.60,0.50,0.50,0,6,3,400.6,0.45,0.55,1,0.45,0.60,0.50
12,0.30,150.7,3,2,4,0.75,0.65,1,0.80,0.70,0.25,1,3,8,100.4,0.65,0.35,4,0.55,0.80,0.75
7,0.05,410.9,1,0,8,0.50,0.30,0,0.55,0.45,0.60,0,7,2,600.8,0.35,0.65,0,0.30,0.50,0.40
15,0.45,120.6,4,3,3,0.85,0.80,1,0.90,0.75,0.15,0,2,10,60.3,0.75,0.20,3,0.65,0.90,0.80
9,-0.10,300.5,2,1,6,0.60,0.45,0,0.65,0.55,0.45,0,5,4,300.7,0.50,0.50,1,0.40,0.65,0.55
11,0.35,160.8,3,2,4,0.75,0.65,1,0.80,0.70,0.25,1,3,7,120.5,0.65,0.35,4,0.55,0.80,0.70
6,-0.05,380.2,1,0,7,0.50,0.35,0,0.60,0.50,0.55,0,6,3,500.9,0.40,0.60,0,0.35,0.55,0.45
14,0.40,140.5,4,3,3,0.85,0.80,1,0.90,0.75,0.15,0,2,11,50.2,0.70,0.20,3,0.65,0.90,0.85
8,0.10,280.4,2,1,6,0.60,0.45,0,0.65,0.55,0.45,0,5,4,320.7,0.50,0.50,1,0.40,0.65,0.55
16,0.55,110.3,5,3,2,0.90,0.85,1,0.95,0.80,0.10,0,1,13,20.1,0.80,0.15,4,0.70,0.95,0.90
10,-0.15,330.8,2,1,7,0.55,0.40,0,0.60,0.50,0.50,0,6,3,400.6,0.45,0.55,1,0.45,0.60,0.50
12,0.30,160.7,3,2,4,0.75,0.65,1,0.80,0.70,0.25,1,3,8,100.4,0.65,0.35,4,0.55,0.80,0.75
7,0.05,400.9,1,0,8,0.50,0.30,0,0.55,0.45,0.60,0,7,2,600.8,0.35,0.65,0,0.30,0.50,0.40
15,0.45,130.6,4,3,3,0.85,0.80,1,0.90,0.75,0.15,0,2,10,60.3,0.75,0.20,3,0.65,0.90,0.80
9,-0.10,290.5,2,1,6,0.60,0.45,0,0.65,0.55,0.45,0,5,4,300.7,0.50,0.50,1,0.40,0.65,0.55
11,0.35,170.8,3,2,4,0.75,0.65,1,0.80,0.70,0.25,1,3,7,120.5,0.65,0.35,4,0.55,0.80,0.70
6,-0.05,370.2,1,0,7,0.50,0.35,0,0.60,0.50,0.55,0,6,3,500.9,0.40,0.60,0,0.35,0.55,0.45
14,0.40,150.5,4,3,3,0.85,0.80,1,0.90,0.75,0.15,0,2,11,50.2,0.70,0.20,3,0.65,0.90,0.85
8,0.10,270.4,2,1,6,0.60,0.45,0,0.65,0.55,0.45,0,5,4,320.7,0.50,0.50,1,0.40,0.65,0.55
16,0.55,120.3,5,3,2,0.90,0.85,1,0.95,0.80,0.10,0,1,13,20.1,0.80,0.15,4,0.70,0.95,0.90
10,-0.15,320.8,2,1,7,0.55,0.40,0,0.60,0.50,0.50,0,6,3,400.6,0.45,0.55,1,0.45,0.60,0.50
12,0.30,170.7,3,2,4,0.75,0.65,1,0.80,0.70,0.25,1,3,8,100.4,0.65,0.35,4,0.55,0.80,0.75
7,0.05,390.9,1,0,8,0.50,0.30,0,0.55,0.45,0.60,0,7,2,600.8,0.35,0.65,0,0.30,0.50,0.40
15,0.45,140.6,4,3,3,0.85,0.80,1,0.90,0.75,0.15,0,2,10,60.3,0.75,0.20,3,0.65,0.90,0.80
9,-0.10,280.5,2,1,6,0.60,0.45,0,0.65,0.55,0.45,0,5,4,300.7,0.50,0.50,1,0.40,0.65,0.55
11,0.35,180.8,3,2,4,0.75,0.65,1,0.80,0.70,0.25,1,3,7,120.5,0.65,0.35,4,0.55,0.80,0.70
6,-0.05,360.2,1,0,7,0.50,0.35,0,0.60,0.50,0.55,0,6,3,500.9,0.40,0.60,0,0.35,0.55,0.45
14,0.40,160.5,4,3,3,0.85,0.80,1,0.90,0.75,0.15,0,2,11,50.2,0.70,0.20,3,0.65,0.90,0.85
8,0.10,260.4,2,1,6,0.60,0.45,0,0.65,0.55,0.45,0,5,4,320.7,0.50,0.50,1,0.40,0.65,0.55
16,0.55,130.3,5,3,2,0.90,0.85,1,0.95,0.80,0.10,0,1,13,20.1,0.80,0.15,4,0.70,0.95,0.90
10,-0.15,310.8,2,1,7,0.55,0.40,0,0.60,0.50,0.50,0,6,3,400.6,0.45,0.55,1,0.45,0.60,0.50
12,0.30,180.7,3,2,4,0.75,0.65,1,0.80,0.70,0.25,1,3,8,100.4,0.65,0.35,4,0.55,0.80,0.75
7,0.05,380.9,1,0,8,0.50,0.30,0,0.55,0.45,0.60,0,7,2,600.8,0.35,0.65,0,0.30,0.50,0.40
15,0.45,150.6,4,3,3,0.85,0.80,1,0.90,0.75,0.15,0,2,10,60.3,0.75,0.20,3,0.65,0.90,0.80
9,-0.10,270.5,2,1,6,0.60,0.45,0,0.65,0.55,0.45,0,5,4,300.7,0.50,0.50,1,0.40,0.65,0.55
11,0.35,190.8,3,2,4,0.75,0.65,1,0.80,0.70,0.25,1,3,7,120.5,0.65,0.35,4,0.55,0.80,0.70
6,-0.05,350.2,1,0,7,0.50,0.35,0,0.60,0.50,0.55,0,6,3,500.9,0.40,0.60,0,0.35,0.55,0.45
14,0.40,170.5,4,3,3,0.85,0.80,1,0.90,0.75,0.15,0,2,11,50.2,0.70,0.20,3,0.65,0.90,0.85
8,0.10,250.4,2,1,6,0.60,0.45,0,0.65,0.55,0.45,0,5,4,320.7,0.50,0.50,1,0.40,0.65,0.55
16,0.55,140.3,5,3,2,0.90,0.85,1,0.95,0.80,0.10,0,1,13,20.1,0.80,0.15,4,0.70,0.95,0.90
10,-0.15,300.8,2,1,7,0.55,0.40,0,0.60,0.50,0.50,0,6,3,400.6,0.45,0.55,1,0.45,0.60,0.50
12,0.30,190.7,3,2,4,0.75,0.65,1,0.80,0.70,0.25,1,3,8,100.4,0.65,0.35,4,0.55,0.80,0.75
7,0.05,370.9,1,0,8,0.50,0.30,0,0.55,0.45,0.60,0,7,2,600.8,0.35,0.65,0,0.30,0.50,0.40
15,0.45,160.6,4,3,3,0.85,0.80,1,0.90,0.75,0.15,0,2,10,60.3,0.75,0.20,3,0.65,0.90,0.80
9,-0.10,260.5,2,1,6,0.60,0.45,0,0.65,0.55,0.45,0,5,4,300.7,0.50,0.50,1,0.40,0.65,0.55
11,0.35,200.8,3,2,4,0.75,0.65,1,0.80,0.70,0.25,1,3,7,120.5,0.65,0.35,4,0.55,0.80,0.70
6,-0.05,340.2,1,0,7,0.50,0.35,0,0.60,0.50,0.55,0,6,3,500.9,0.40,0.60,0,0.35,0.55,0.45
14,0.40,180.5,4,3,3,0.85,0.80,1,0.90,0.75,0.15,0,2,11,50.2,0.70,0.20,3,0.65,0.90,0.85
8,0.10,240.4,2,1,6,0.60,0.45,0,0.65,0.55,0.45,0,5,4,320.7,0.50,0.50,1,0.40,0.65,0.55
16,0.55,150.3,5,3,2,0.90,0.85,1,0.95,0.80,0.10,0,1,13,20.1,0.80,0.15,4,0.70,0.95,0.90
10,-0.15,290.8,2,1,7,0.55,0.40,0,0.60,0.50,0.50,0,6,3,400.6,0.45,0.55,1,0.45,0.60,0.50
12,0.30,200.7,3,2,4,0.75,0.65,1,0.80,0.70,0.25,1,3,8,100.4,0.65,0.35,4,0.55,0.80,0.75
7,0.05,360.9,1,0,8,0.50,0.30,0,0.55,0.45,0.60,0,7,2,600.8,0.35,0.65,0,0.30,0.50,0.40
15,0.45,170.6,4,3,3,0.85,0.80,1,0.90,0.75,0.15,0,2,10,60.3,0.75,0.20,3,0.65,0.90,0.80
9,-0.10,250.5,2,1,6,0.60,0.45,0,0.65,0.55,0.45,0,5,4,300.7,0.50,0.50,1,0.40,0.65,0.55
11,0.35,210.8,3,2,4,0.75,0.65,1,0.80,0.70,0.25,1,3,7,120.5,0.65,0.35,4,0.55,0.80,0.70
6,-0.05,330.2,1,0,7,0.50,0.35,0,0.60,0.50,0.55,0,6,3,500.9,0.40,0.60,0,0.35,0.55,0.45
14,0.40,190.5,4,3,3,0.85,0.80,1,0.90,0.75,0.15,0,2,11,50.2,0.70,0.20,3,0.65,0.90,0.85
8,0.10,230.4,2,1,6,0.60,0.45,0,0.65,0.55,0.45,0,5,4,320.7,0.50,0.50,1,0.40,0.65,0.55
16,0.55,160.3,5,3,2,0.90,0.85,1,0.95,0.80,0.10,0,1,13,20.1,0.80,0.15,4,0.70,0.95,0.90
10,-0.15,280.8,2,1,7,0.55,0.40,0,0.60,0.50,0.50,0,6,3,400.6,0.45,0.55,1,0.45,0.60,0.50
12,0.30,210.7,3,2,4,0.75,0.65,1,0.80,0.70,0.25,1,3,8,100.4,0.65,0.35,4,0.55,0.80,0.75
7,0.05,350.9,1,0,8,0.50,0.30,0,0.55,0.45,0.60,0,7,2,600.8,0.35,0.65,0,0.30,0.50,0.40
15,0.45,180.6,4,3,3,0.85,0.80,1,0.90,0.75,0.15,0,2,10,60.3,0.75,0.20,3,0.65,0.90,0.80
9,-0.10,240.5,2,1,6,0.60,0.45,0,0.65,0.55,0.45,0,5,4,300.7,0.50,0.50,1,0.40,0.65,0.55
11,0.35,220.8,3,2,4,0.75,0.65,1,0.80,0.70,0.25,1,3,7,120.5,0.65,0.35,4,0.55,0.80,0.70
6,-0.05,320.2,1,0,7,0.50,0.35,0,0.60,0.50,0.55,0,6,3,500.9,0.40,0.60,0,0.35,0.55,0.45
14,0.40,200.5,4,3,3,0.85,0.80,1,0.90,0.75,0.15,0,2,11,50.2,0.70,0.20,3,0.65,0.90,0.85
8,0.10,220.4,2,1,6,0.60,0.45,0,0.65,0.55,0.45,0,5,4,320.7,0.50,0.50,1,0.40,0.65,0.55
16,0.55,170.3,5,3,2,0.90,0.85,1,0.95,0.80,0.10,0,1,13,20.1,0.80,0.15,4,0.70,0.95,0.90
10,-0.15,270.8,2,1,7,0.55,0.40,0,0.60,0.50,0.50,0,6,3,400.6,0.45,0.55,1,0.45,0.60,0.50
12,0.30,220.7,3,2,4,0.75,0.65,1,0.80,0.70,0.25,1,3,8,100.4,0.65,0.35,4,0.55,0.80,0.75
7,0.05,340.9,1,0,8,0.50,0.30,0,0.55,0.45,0.60,0,7,2,600.8,0.35,0.65,0,0.30,0.50,0.40
15,0.45,190.6,4,3,3,0.85,0.80,1,0.90,0.75,0.15,0,2,10,60.3,0.75,0.20,3,0.65,0.90,0.80
9,-0.10,230.5,2,1,6,0.60,0.45,0,0.65,0.55,0.45,0,5,4,300.7,0.50,0.50,1,0.40,0.65,0.55
11,0.35,230.8,3,2,4,0.75,0.65,1,0.80,0.70,0.25,1,3,7,120.5,0.65,0.35,4,0.55,0.80,0.70
6,-0.05,310.2,1,0,7,0.50,0.35,0,0.60,0.50,0.55,0,6,3,500.9,0.40,0.60,0,0.35,0.55,0.45
14,0.40,210.5,4,3,3,0.85,0.80,1,0.90,0.75,0.15,0,2,11,50.2,0.70,0.20,3,0.65,0.90,0.85
8,0.10,210.4,2,1,6,0.60,0.45,0,0.65,0.55,0.45,0,5,4,320.7,0.50,0.50,1,0.40,0.65,0.55
16,0.55,180.3,5,3,2,0.90,0.85,1,0.95,0.80,0.10,0,1,13,20.1,0.80,0.15,4,0.70,0.95,0.90
10,-0.15,260.8,2,1,7,0.55,0.40,0,0.60,0.50,0.50,0,6,3,400.6,0.45,0.55,1,0.45,0.60,0.50
12,0.30,230.7,3,2,4,0.75,0.65,1,0.80,0.70,0.25,1,3,8,100.4,0.65,0.35,4,0.55,0.80,0.75
7,0.05,330.9,1,0,8,0.50,0.30,0,0.55,0.45,0.60,0,7,2,600.8,0.35,0.65,0,0.30,0.50,0.40
15,0.45,200.6,4,3,3,0.85,0.80,1,0.90,0.75,0.15,0,2,10,60.3,0.75,0.20,3,0.65,0.90,0.80
9,-0.10,220.5,2,1,6,0.60,0.45,0,0.65,0.55,0.45,0,5,4,300.7,0.50,0.50,1,0.40,0.65,0.55
11,0.35,240.8,3,2,4,0.75,0.65,1,0.80,0.70,0.25,1,3,7,120.5,0.65,0.35,4,0.55,0.80,0.70
6,-0.05,300.2,1,0,7,0.50,0.35,0,0.60,0.50,0.55,0,6,3,500.9,0.40,0.60,0,0.35,0.55,0.45
14,0.40,220.5,4,3,3,0.85,0.80,1,0.90,0.75,0.15,0,2,11,50.2,0.70,0.20,3,0.65,0.90,0.85
8,0.10,200.4,2,1,6,0.60,0.45,0,0.65,0.55,0.45,0,5,4,320.7,0.50,0.50,1,0.40,0.65,0.55
16,0.55,190.3,5,3,2,0.90,0.85,1,0.95,0.80,0.10,0,1,13,20.1,0.80,0.15,4,0.70,0.95,0.90
10,-0.15,250.8,2,1,7,0.55,0.40,0,0.60,0.50,0.50,0,6,3,400.6,0.45,0.55,1,0.45,0.60,0.50
12,0.30,240.7,3,2,4,0.75,0.65,1,0.80,0.70,0.25,1,3,8,100.4,0.65,0.35,4,0.55,0.80,0.75
7,0.05,320.9,1,0,8,0.50,0.30,0,0.55,0.45,0.60,0,7,2,600.8,0.35,0.65,0,0.30,0.50,0.40
15,0.45,210.6,4,3,3,0.85,0.80,1,0.90,0.75,0.15,0,2,10,60.3,0.75,0.20,3,0.65,0.90,0.80
9,-0.10,210.5,2,1,6,0.60,0.45,0,0.65,0.55,0.45,0,5,4,300.7,0.50,0.50,1,0.40,0.65,0.55
11,0.35,250.8,3,2,4,0.75,0.65,1,0.80,0.70,0.25,1,3,7,120.5,0.65,0.35,4,0.55,0.80,0.70
6,-0.05,290.2,1,0,7,0.50,0.35,0,0.60,0.50,0.55,0,6,3,500.9,0.40,0.60,0,0.35,0.55,0.45
14,0.40,230.5,4,3,3,0.85,0.80,1,0.90,0.75,0.15,0,2,11,50.2,0.70,0.20,3,0.65,0.90,0.85
8,0.10,190.4,2,1,6,0.60,0.45,0,0.65,0.55,0.45,0,5,4,320.7,0.50,0.50,1,0.40,0.65,0.55
16,0.55,200.3,5,3,2,0.90,0.85,1,0.95,0.80,0.10,0,1,13,20.1,0.80,0.15,4,0.70,0.95,0.90
10,-0.15,240.8,2,1,7,0.55,0.40,0,0.60,0.50,0.50,0,6,3,400.6,0.45,0.55,1,0.45,0.60,0.50
12,0.30,250.7,3,2,4,0.75,0.65,1,0.80,0.70,0.25,1,3,8,100.4,0.65,0.35,4,0.55,0.80,0.75
7,0.05,310.9,1,0,8,0.50,0.30,0,0.55,0.45,0.60,0,7,2,600.8,0.35,0.65,0,0.30,0.50,0.40
15,0.45,220.6,4,3,3,0.85,0.80,1,0.90,0.75,0.15,0,2,10,60.3,0.75,0.20,3,0.65,0.90,0.80
9,-0.10,200.5,2,1,6,0.60,0.45,0,0.65,0.55,0.45,0,5,4,300.7,0.50,0.50,1,0.40,0.65,0.55
11,0.35,260.8,3,2,4,0.75,0.65,1,0.80,0.70,0.25,1,3,7,120.5,0.65,0.35,4,0.55,0.80,0.70
6,-0.05,280.2,1,0,7,0.50,0.35,0,0.60,0.50,0.55,0,6,3,500.9,0.40,0.60,0,0.35,0.55,0.45
14,0.40,240.5,4,3,3,0.85,0.80,1,0.90,0.75,0.15,0,2,11,50.2,0.70,0.20,3,0.65,0.90,0.85
8,0.10,180.4,2,1,6,0.60,0.45,0,0.65,0.55,0.45,0,5,4,320.7,0.50,0.50,1,0.40,0.65,0.55
16,0.55,210.3,5,3,2,0.90,0.85,1,0.95,0.80,0.10,0,1,13,20.1,0.80,0.15,4,0.70,0.95,0.90
10,-0.15,230.8,2,1,7,0.55,0.40,0,0.60,0.50,0.50,0,6,3,400.6,0.45,0.55,1,0.45,0.60,0.50
12,0.30,260.7,3,2,4,0.75,0.65,1,0.80,0.70,0.25,1,3,8,100.4,0.65,0.35,4,0.55,0.80,0.75
7,0.05,300.9,1,0,8,0.50,0.30,0,0.55,0.45,0.60,0,7,2,600.8,0.35,0.65,0,0.30,0.50,0.40
15,0.45,230.6,4,3,3,0.85,0.80,1,0.90,0.75,0.15,0,2,10,60.3,0.75,0.20,3,0.65,0.90,0.80
9,-0.10,190.5,2,1,6,0.60,0.45,0,0.65,0.55,0.45,0,5,4,300.7,0.50,0.50,1,0.40,0.65,0.55
11,0.35,270.8,3,2,4,0.75,0.65,1,0.80,0.70,0.25,1,3,7,120.5,0.65,0.35,4,0.55,0.80,0.70
6,-0.05,270.2,1,0,7,0.50,0.35,0,0.60,0.50,0.55,0,6,3,500.9,0.40,0.60,0,0.35,0.55,0.45
14,0.40,250.5,4,3,3,0.85,0.80,1,0.90,0.75,0.15,0,2,11,50.2,0.70,0.20,3,0.65,0.90,0.85
8,0.10,170.4,2,1,6,0.60,0.45,0,0.65,0.55,0.45,0,5,4,320.7,0.50,0.50,1,0.40,0.65,0.55
16,0.55,220.3,5,3,2,0.90,0.85,1,0.95,0.80,0.10,0,1,13,20.1,0.80,0.15,4,0.70,0.95,0.90
10,-0.15,220.8,2,1,7,0.55,0.40,0,0.60,0.50,0.50,0,6,3,400.6,0.45,0.55,1,0.45,0.60,0.50
12,0.30,270.7,3,2,4,0.75,0.65,1,0.80,0.70,0.25,1,3,8,100.4,0.65,0.35,4,0.55,0.80,0.75
7,0.05,290.9,1,0,8,0.50,0.30,0,0.55,0.45,0.60,0,7,2,600.8,0.35,0.65,0,0.30,0.50,0.40
15,0.45,240.6,4,3,3,0.85,0.80,1,0.90,0.75,0.15,0,2,10,60.3,0.75,0.20,3,0.65,0.90,0.80
9,-0.10,180.5,2,1,6,0.60,0.45,0,0.65,0.55,0.45,0,5,4,300.7,0.50,0.50,1,0.40,0.65,0.55
11,0.35,280.8,3,2,4,0.75,0.65,1,0.80,0.70,0.25,1,3,7,120.5,0.65,0.35,4,0.55,0.80,0.70
6,-0.05,260.2,1,0,7,0.50,0.35,0,0.60,0.50,0.55,0,6,3,500.9,0.40,0.60,0,0.35,0.55,0.45
14,0.40,260.5,4,3,3,0.85,0.80,1,0.90,0.75,0.15,0,2,11,50.2,0.70,0.20,3,0.65,0.90,0.85
8,0.10,160.4,2,1,6,0.60,0.45,0,0.65,0.55,0.45,0,5,4,320.7,0.50,0.50,1,0.40,0.65,0.55
16,0.55,230.3,5,3,2,0.90,0.85,1,0.95,0.80,0.10,0,1,13,20.1,0.80,0.15,4,0.70,0.95,0.90
10,-0.15,210.8,2,1,7,0.55,0.40,0,0.60,0.50,0.50,0,6,3,400.6,0.45,0.55,1,0.45,0.60,0.50
12,0.30,280.7,3,2,4,0.75,0.65,1,0.80,0.70,0.25,1,3,8,100.4,0.65,0.35,4,0.55,0.80,0.75
7,0.05,280.9,1,0,8,0.50,0.30,0,0.55,0.45,0.60,0,7,2,600.8,0.35,0.65,0,0.30,0.50,0.40
15,0.45,250.6,4,3,3,0.85,0.80,1,0.90,0.75,0.15,0,2,10,60.3,0.75,0.20,3,0.65,0.90,0.80
9,-0.10,170.5,2,1,6,0.60,0.45,0,0.65,0.55,0.45,0,5,4,300.7,0.50,0.50,1,0.40,0.65,0.55
11,0.35,290.8,3,2,4,0.75,0.65,1,0.80,0.70,0.25,1,3,7,120.5,0.65,0.35,4,0.55,0.80,0.70
6,-0.05,250.2,1,0,7,0.50,0.35,0,0.60,0.50,0.55,0,6,3,500.9,0.40,0.60,0,0.35,0.55,0.45
14,0.40,270.5,4,3,3,0.85,0.80,1,0.90,0.75,0.15,0,2,11,50.2,0.70,0.20,3,0.65,0.90,0.85
8,0.10,150.4,2,1,6,0.60,0.45,0,0.65,0.55,0.45,0,5,4,320.7,0.50,0.50,1,0.40,0.65,0.55
16,0.55,240.3,5,3,2,0.90,0.85,1,0.95,0.80,0.10,0,1,13,20.1,0.80,0.15,4,0.70,0.95,0.90
11,0.20,180.5,3,2,5,0.70,0.60,1,0.75,0.65,0.30,1,4,7,130.2,0.60,0.40,4,0.50,0.80,0.70
9,-0.15,340.8,2,1,7,0.55,0.40,0,0.60,0.50,0.50,0,6,3,420.5,0.45,0.55,1,0.45,0.60,0.50
14,0.50,120.3,4,3,3,0.85,0.80,1,0.90,0.75,0.15,0,2,11,50.1,0.75,0.20,3,0.65,0.90,0.85
6,0.05,400.9,1,0,8,0.50,0.30,0,0.55,0.45,0.60,0,7,2,610.7,0.35,0.65,0,0.30,0.50,0.40
16,0.60,90.4,5,3,2,0.90,0.85,1,0.95,0.80,0.10,0,1,13,20.2,0.80,0.15,4,0.70,0.95,0.90
8,-0.10,300.6,2,1,6,0.60,0.45,0,0.65,0.55,0.45,0,5,4,310.8,0.50,0.50,1,0.40,0.65,0.55
12,0.35,160.7,3,2,4,0.75,0.65,1,0.80,0.70,0.25,1,3,8,110.4,0.65,0.35,4,0.55,0.80,0.75
7,-0.05,380.2,1,0,7,0.50,0.35,0,0.60,0.50,0.55,0,6,3,510.9,0.40,0.60,0,0.35,0.55,0.45
15,0.45,130.6,4,3,3,0.85,0.80,1,0.90,0.75,0.15,0,2,10,60.3,0.75,0.20,3,0.65,0.90,0.80
10,0.25,200.8,3,2,5,0.70,0.60,1,0.75,0.65,0.30,1,4,6,140.5,0.60,0.40,4,0.50,0.80,0.70
13,0.40,110.5,4,3,2,0.90,0.85,1,0.95,0.80,0.10,0,1,12,25.1,0.80,0.15,4,0.70,0.95,0.90
9,-0.20,320.4,2,1,6,0.60,0.45,0,0.65,0.55,0.45,0,5,4,330.7,0.50,0.50,1,0.40,0.65,0.55
11,0.30,170.6,3,2,4,0.75,0.65,1,0.80,0.70,0.25,1,3,7,120.5,0.65,0.35,4,0.55,0.80,0.75
6,0.00,390.9,1,0,7,0.50,0.35,0,0.60,0.50,0.55,0,6,3,520.8,0.40,0.60,0,0.35,0.55,0.45
14,0.55,100.3,5,3,2,0.90,0.85,1,0.95,0.80,0.10,0,1,13,20.1,0.80,0.15,4,0.70,0.95,0.90
8,-0.15,310.7,2,1,6,0.60,0.45,0,0.65,0.55,0.45,0,5,4,320.7,0.50,0.50,1,0.40,0.65,0.55
12,0.35,150.8,3,2,4,0.75,0.65,1,0.80,0.70,0.25,1,3,8,100.4,0.65,0.35,4,0.55,0.80,0.75
7,0.05,410.2,1,0,8,0.50,0.30,0,0.55,0.45,0.60,0,7,2,600.8,0.35,0.65,0,0.30,0.50,0.40
15,0.50,120.6,4,3,3,0.85,0.80,1,0.90,0.75,0.15,0,2,10,60.3,0.75,0.20,3,0.65,0.90,0.80
9,-0.10,290.5,2,1,6,0.60,0.45,0,0.65,0.55,0.45,0,5,4,300.7,0.50,0.50,1,0.40,0.65,0.55
11,0.30,180.8,3,2,4,0.75,0.65,1,0.80,0.70,0.25,1,3,7,120.5,0.65,0.35,4,0.55,0.80,0.70
6,-0.05,370.2,1,0,7,0.50,0.35,0,0.60,0.50,0.55,0,6,3,500.9,0.40,0.60,0,0.35,0.55,0.45
14,0.45,140.5,4,3,3,0.85,0.80,1,0.90,0.75,0.15,0,2,11,50.2,0.70,0.20,3,0.65,0.90,0.85
8,0.10,280.4,2,1,6,0.60,0.45,0,0.65,0.55,0.45,0,5,4,320.7,0.50,0.50,1,0.40,0.65,0.55
16,0.60,110.3,5,3,2,0.90,0.85,1,0.95,0.80,0.10,0,1,13,20.1,0.80,0.15,4,0.70,0.95,0.90
10,-0.15,330.8,2,1,7,0.55,0.40,0,0.60,0.50,0.50,0,6,3,400.6,0.45,0.55,1,0.45,0.60,0.50
12,0.35,170.7,3,2,4,0.75,0.65,1,0.80,0.70,0.25,1,3,8,100.4,0.65,0.35,4,0.55,0.80,0.75
7,0.05,400.9,1,0,8,0.50,0.30,0,0.55,0.45,0.60,0,7,2,600.8,0.35,0.65,0,0.30,0.50,0.40
15,0.50,130.6,4,3,3,0.85,0.80,1,0.90,0.75,0.15,0,2,10,60.3,0.75,0.20,3,0.65,0.90,0.80
9,-0.10,300.5,2,1,6,0.60,0.45,0,0.65,0.55,0.45,0,5,4,300.7,0.50,0.50,1,0.40,0.65,0.55
11,0.30,190.8,3,2,4,0.75,0.65,1,0.80,0.70,0.25,1,3,7,120.5,0.65,0.35,4,0.55,0.80,0.70
6,-0.05,380.2,1,0,7,0.50,0.35,0,0.60,0.50,0.55,0,6,3,500.9,0.40,0.60,0,0.35,0.55,0.45
14,0.45,150.5,4,3,3,0.85,0.80,1,0.90,0.75,0.15,0,2,11,50.2,0.70,0.20,3,0.65,0.90,0.85
8,0.10,290.4,2,1,6,0.60,0.45,0,0.65,0.55,0.45,0,5,4,320.7,0.50,0.50,1,0.40,0.65,0.55
16,0.60,120.3,5,3,2,0.90,0.85,1,0.95,0.80,0.10,0,1,13,20.1,0.80,0.15,4,0.70,0.95,0.90
10,-0.15,340.8,2,1,7,0.55,0.40,0,0.60,0.50,0.50,0,6,3,400.6,0.45,0.55,1,0.45,0.60,0.50
12,0.35,180.7,3,2,4,0.75,0.65,1,0.80,0.70,0.25,1,3,8,100.4,0.65,0.35,4,0.55,0.80,0.75
7,0.05,410.9,1,0,8,0.50,0.30,0,0.55,0.45,0.60,0,7,2,600.8,0.35,0.65,0,0.30,0.50,0.40
15,0.50,140.6,4,3,3,0.85,0.80,1,0.90,0.75,0.15,0,2,10,60.3,0.75,0.20,3,0.65,0.90,0.80
9,-0.10,310.5,2,1,6,0.60,0.45,0,0.65,0.55,0.45,0,5,4,300.7,0.50,0.50,1,0.40,0.65,0.55
11,0.30,200.8,3,2,4,0.75,0.65,1,0.80,0.70,0.25,1,3,7,120.5,0.65,0.35,4,0.55,0.80,0.70
6,-0.05,390.2,1,0,7,0.50,0.35,0,0.60,0.50,0.55,0,6,3,500.9,0.40,0.60,0,0.35,0.55,0.45
14,0.45,160.5,4,3,3,0.85,0.80,1,0.90,0.75,0.15,0,2,11,50.2,0.70,0.20,3,0.65,0.90,0.85
8,0.10,300.4,2,1,6,0.60,0.45,0,0.65,0.55,0.45,0,5,4,320.7,0.50,0.50,1,0.40,0.65,0.55
16,0.60,130.3,5,3,2,0.90,0.85,1,0.95,0.80,0.10,0,1,13,20.1,0.80,0.15,4,0.70,0.95,0.90
10,-0.15,350.8,2,1,7,0.55,0.40,0,0.60,0.50,0.50,0,6,3,400.6,0.45,0.55,1,0.45,0.60,0.50
12,0.35,190.7,3,2,4,0.75,0.65,1,0.80,0.70,0.25,1,3,8,100.4,0.65,0.35,4,0.55,0.80,0.75
7,0.05,420.9,1,0,8,0.50,0.30,0,0.55,0.45,0.60,0,7,2,600.8,0.35,0.65,0,0.30,0.50,0.40
15,0.50,150.6,4,3,3,0.85,0.80,1,0.90,0.75,0.15,0,2,10,60.3,0.75,0.20,3,0.65,0.90,0.80
9,-0.10,320.5,2,1,6,0.60,0.45,0,0.65,0.55,0.45,0,5,4,300.7,0.50,0.50,1,0.40,0.65,0.55
11,0.30,210.8,3,2,4,0.75,0.65,1,0.80,0.70,0.25,1,3,7,120.5,0.65,0.35,4,0.55,0.80,0.70
6,-0.05,400.2,1,0,7,0.50,0.35,0,0.60,0.50,0.55,0,6,3,500.9,0.40,0.60,0,0.35,0.55,0.45
14,0.45,170.5,4,3,3,0.85,0.80,1,0.90,0.75,0.15,0,2,11,50.2,0.70,0.20,3,0.65,0.90,0.85
8,0.10,310.4,2,1,6,0.60,0.45,0,0.65,0.55,0.45,0,5,4,320.7,0.50,0.50,1,0.40,0.65,0.55
16,0.60,140.3,5,3,2,0.90,0.85,1,0.95,0.80,0.10,0,1,13,20.1,0.80,0.15,4,0.70,0.95,0.90
10,-0.15,360.8,2,1,7,0.55,0.40,0,0.60,0.50,0.50,0,6,3,400.6,0.45,0.55,1,0.45,0.60,0.50
12,0.35,200.7,3,2,4,0.75,0.65,1,0.80,0.70,0.25,1,3,8,100.4,0.65,0.35,4,0.55,0.80,0.75
7,0.05,430.9,1,0,8,0.50,0.30,0,0.55,0.45,0.60,0,7,2,600.8,0.35,0.65,0,0.30,0.50,0.40
15,0.50,160.6,4,3,3,0.85,0.80,1,0.90,0.75,0.15,0,2,10,60.3,0.75,0.20,3,0.65,0.90,0.80
9,-0.10,330.5,2,1,6,0.60,0.45,0,0.65,0.55,0.45,0,5,4,300.7,0.50,0.50,1,0.40,0.65,0.55
11,0.30,220.8,3,2,4,0.75,0.65,1,0.80,0.70,0.25,1,3,7,120.5,0.65,0.35,4,0.55,0.80,0.70
6,-0.05,410.2,1,0,7,0.50,0.35,0,0.60,0.50,0.55,0,6,3,500.9,0.40,0.60,0,0.35,0.55,0.45
14,0.45,180.5,4,3,3,0.85,0.80,1,0.90,0.75,0.15,0,2,11,50.2,0.70,0.20,3,0.65,0.90,0.85
8,0.10,320.4,2,1,6,0.60,0.45,0,0.65,0.55,0.45,0,5,4,320.7,0.50,0.50,1,0.40,0.65,0.55
16,0.60,150.3,5,3,2,0.90,0.85,1,0.95,0.80,0.10,0,1,13,20.1,0.80,0.15,4,0.70,0.95,0.90
10,-0.15,370.8,2,1,7,0.55,0.40,0,0.60,0.50,0.50,0,6,3,400.6,0.45,0.55,1,0.45,0.60,0.50
12,0.35,210.7,3,2,4,0.75,0.65,1,0.80,0.70,0.25,1,3,8,100.4,0.65,0.35,4,0.55,0.80,0.75
7,0.05,440.9,1,0,8,0.50,0.30,0,0.55,0.45,0.60,0,7,2,600.8,0.35,0.65,0,0.30,0.50,0.40
15,0.50,170.6,4,3,3,0.85,0.80,1,0.90,0.75,0.15,0,2,10,60.3,0.75,0.20,3,0.65,0.90,0.80
9,-0.10,340.5,2,1,6,0.60,0.45,0,0.65,0.55,0.45,0,5,4,300.7,0.50,0.50,1,0.40,0.65,0.55
11,0.30,230.8,3,2,4,0.75,0.65,1,0.80,0.70,0.25,1,3,7,120.5,0.65,0.35,4,0.55,0.80,0.70
6,-0.05,420.2,1,0,7,0.50,0.35,0,0.60,0.50,0.55,0,6,3,500.9,0.40,0.60,0,0.35,0.55,0.45
14,0.45,190.5,4,3,3,0.85,0.80,1,0.90,0.75,0.15,0,2,11,50.2,0.70,0.20,3,0.65,0.90,0.85
8,0.10,330.4,2,1,6,0.60,0.45,0,0.65,0.55,0.45,0,5,4,320.7,0.50,0.50,1,0.40,0.65,0.55
16,0.60,160.3,5,3,2,0.90,0.85,1,0.95,0.80,0.10,0,1,13,20.1,0.80,0.15,4,0.70,0.95,0.90
10,-0.15,380.8,2,1,7,0.55,0.40,0,0.60,0.50,0.50,0,6,3,400.6,0.45,0.55,1,0.45,0.60,0.50
12,0.35,220.7,3,2,4,0.75,0.65,1,0.80,0.70,0.25,1,3,8,100.4,0.65,0.35,4,0.55,0.80,0.75
7,0.05,450.9,1,0,8,0.50,0.30,0,0.55,0.45,0.60,0,7,2,600.8,0.35,0.65,0,0.30,0.50,0.40
15,0.50,180.6,4,3,3,0.85,0.80,1,0.90,0.75,0.15,0,2,10,60.3,0.75,0.20,3,0.65,0.90,0.80
9,-0.10,350.5,2,1,6,0.60,0.45,0,0.65,0.55,0.45,0,5,4,300.7,0.50,0.50,1,0.40,0.65,0.55
11,0.30,240.8,3,2,4,0.75,0.65,1,0.80,0.70,0.25,1,3,7,120.5,0.65,0.35,4,0.55,0.80,0.70
6,-0.05,430.2,1,0,7,0.50,0.35,0,0.60,0.50,0.55,0,6,3,500.9,0.40,0.60,0,0.35,0.55,0.45
14,0.45,200.5,4,3,3,0.85,0.80,1,0.90,0.75,0.15,0,2,11,50.2,0.70,0.20,3,0.65,0.90,0.85
8,0.10,340.4,2,1,6,0.60,0.45,0,0.65,0.55,0.45,0,5,4,320.7,0.50,0.50,1,0.40,0.65,0.55
16,0.60,170.3,5,3,2,0.90,0.85,1,0.95,0.80,0.10,0,1,13,20.1,0.80,0.15,4,0.70,0.95,0.90
10,-0.15,390.8,2,1,7,0.55,0.40,0,0.60,0.50,0.50,0,6,3,400.6,0.45,0.55,1,0.45,0.60,0.50
12,0.35,230.7,3,2,4,0.75,0.65,1,0.80,0.70,0.25,1,3,8,100.4,0.65,0.35,4,0.55,0.80,0.75
7,0.05,460.9,1,0,8,0.50,0.30,0,0.55,0.45,0.60,0,7,2,600.8,0.35,0.65,0,0.30,0.50,0.40
15,0.50,190.6,4,3,3,0.85,0.80,1,0.90,0.75,0.15,0,2,10,60.3,0.75,0.20,3,0.65,0.90,0.80
9,-0.10,360.5,2,1,6,0.60,0.45,0,0.65,0.55,0.45,0,5,4,300.7,0.50,0.50,1,0.40,0.65,0.55
11,0.30,250.8,3,2,4,0.75,0.65,1,0.80,0.70,0.25,1,3,7,120.5,0.65,0.35,4,0.55,0.80,0.70
6,-0.05,440.2,1,0,7,0.50,0.35,0,0.60,0.50,0.55,0,6,3,500.9,0.40,0.60,0,0.35,0.55,0.45
14,0.45,210.5,4,3,3,0.85,0.80,1,0.90,0.75,0.15,0,2,11,50.2,0.70,0.20,3,0.65,0.90,0.85
8,0.10,350.4,2,1,6,0.60,0.45,0,0.65,0.55,0.45,0,5,4,320.7,0.50,0.50,1,0.40,0.65,0.55
16,0.60,180.3,5,3,2,0.90,0.85,1,0.95,0.80,0.10,0,1,13,20.1,0.80,0.15,4,0.70,0.95,0.90
10,-0.15,400.8,2,1,7,0.55,0.40,0,0.60,0.50,0.50,0,6,3,400.6,0.45,0.55,1,0.45,0.60,0.50
12,0.35,240.7,3,2,4,0.75,0.65,1,0.80,0.70,0.25,1,3,8,100.4,0.65,0.35,4,0.55,0.80,0.75
7,0.05,470.9,1,0,8,0.50,0.30,0,0.55,0.45,0.60,0,7,2,600.8,0.35,0.65,0,0.30,0.50,0.40
15,0.50,200.6,4,3,3,0.85,0.80,1,0.90,0.75,0.15,0,2,10,60.3,0.75,0.20,3,0.65,0.90,0.80
9,-0.10,370.5,2,1,6,0.60,0.45,0,0.65,0.55,0.45,0,5,4,300.7,0.50,0.50,1,0.40,0.65,0.55
11,0.30,260.8,3,2,4,0.75,0.65,1,0.80,0.70,0.25,1,3,7,120.5,0.65,0.35,4,0.55,0.80,0.70
6,-0.05,450.2,1,0,7,0.50,0.35,0,0.60,0.50,0.55,0,6,3,500.9,0.40,0.60,0,0.35,0.55,0.45
14,0.45,220.5,4,3,3,0.85,0.80,1,0.90,0.75,0.15,0,2,11,50.2,0.70,0.20,3,0.65,0.90,0.85
8,0.10,360.4,2,1,6,0.60,0.45,0,0.65,0.55,0.45,0,5,4,320.7,0.50,0.50,1,0.40,0.65,0.55
16,0.60,190.3,5,3,2,0.90,0.85,1,0.95,0.80,0.10,0,1,13,20.1,0.80,0.15,4,0.70,0.95,0.90
10,-0.15,410.8,2,1,7,0.55,0.40,0,0.60,0.50,0.50,0,6,3,400.6,0.45,0.55,1,0.45,0.60,0.50
12,0.35,250.7,3,2,4,0.75,0.65,1,0.80,0.70,0.25,1,3,8,100.4,0.65,0.35,4,0.55,0.80,0.75
7,0.05,480.9,1,0,8,0.50,0.30,0,0.55,0.45,0.60,0,7,2,600.8,0.35,0.65,0,0.30,0.50,0.40
15,0.50,210.6,4,3,3,0.85,0.80,1,0.90,0.75,0.15,0,2,10,60.3,0.75,0.20,3,0.65,0.90,0.80
9,-0.10,380.5,2,1,6,0.60,0.45,0,0.65,0.55,0.45,0,5,4,300.7,0.50,0.50,1,0.40,0.65,0.55
11,0.30,270.8,3,2,4,0.75,0.65,1,0.80,0.70,0.25,1,3,7,120.5,0.65,0.35,4,0.55,0.80,0.70
6,-0.05,460.2,1,0,7,0.50,0.35,0,0.60,0.50,0.55,0,6,3,500.9,0.40,0.60,0,0.35,0.55,0.45
14,0.45,230.5,4,3,3,0.85,0.80,1,0.90,0.75,0.15,0,2,11,50.2,0.70,0.20,3,0.65,0.90,0.85
8,0.10,370.4,2,1,6,0.60,0.45,0,0.65,0.55,0.45,0,5,4,320.7,0.50,0.50,1,0.40,0.65,0.55
16,0.60,200.3,5,3,2,0.90,0.85,1,0.95,0.80,0.10,0,1,13,20.1,0.80,0.15,4,0.70,0.95,0.90
10,-0.15,420.8,2,1,7,0.55,0.40,0,0.60,0.50,0.50,0,6,3,400.6,0.45,0.55,1,0.45,0.60,0.50
12,0.35,260.7,3,2,4,0.75,0.65,1,0.80,0.70,0.25,1,3,8,100.4,0.65,0.35,4,0.55,0.80,0.75
7,0.05,490.9,1,0,8,0.50,0.30,0,0.55,0.45,0.60,0,7,2,600.8,0.35,0.65,0,0.30,0.50,0.40
15,0.50,220.6,4,3,3,0.85,0.80,1,0.90,0.75,0.15,0,2,10,60.3,0.75,0.20,3,0.65,0.90,0.80
9,-0.10,390.5,2,1,6,0.60,0.45,0,0.65,0.55,0.45,0,5,4,300.7,0.50,0.50,1,0.40,0.65,0.55
11,0.30,280.8,3,2,4,0.75,0.65,1,0.80,0.70,0.25,1,3,7,120.5,0.65,0.35,4,0.55,0.80,0.70
6,-0.05,470.2,1,0,7,0.50,0.35,0,0.60,0.50,0.55,0,6,3,500.9,0.40,0.60,0,0.35,0.55,0.45
14,0.45,240.5,4,3,3,0.85,0.80,1,0.90,0.75,0.15,0,2,11,50.2,0.70,0.20,3,0.65,0.90,0.85
8,0.10,380.4,2,1,6,0.60,0.45,0,0.65,0.55,0.45,0,5,4,320.7,0.50,0.50,1,0.40,0.65,0.55
16,0.60,210.3,5,3,2,0.90,0.85,1,0.95,0.80,0.10,0,1,13,20.1,0.80,0.15,4,0.70,0.95,0.90
10,-0.15,430.8,2,1,7,0.55,0.40,0,0.60,0.50,0.50,0,6,3,400.6,0.45,0.55,1,0.45,0.60,0.50
12,0.35,270.7,3,2,4,0.75,0.65,1,0.80,0.70,0.25,1,3,8,100.4,0.65,0.35,4,0.55,0.80,0.75
7,0.05,500.9,1,0,8,0.50,0.30,0,0.55,0.45,0.60,0,7,2,600.8,0.35,0.65,0,0.30,0.50,0.40
15,0.50,230.6,4,3,3,0.85,0.80,1,0.90,0.75,0.15,0,2,10,60.3,0.75,0.20,3,0.65,0.90,0.80
9,-0.10,400.5,2,1,6,0.60,0.45,0,0.65,0.55,0.45,0,5,4,300.7,0.50,0.50,1,0.40,0.65,0.55
11,0.30,290.8,3,2,4,0.75,0.65,1,0.80,0.70,0.25,1,3,7,120.5,0.65,0.35,4,0.55,0.80,0.70
6,-0.05,480.2,1,0,7,0.50,0.35,0,0.60,0.50,0.55,0,6,3,500.9,0.40,0.60,0,0.35,0.55,0.45
14,0.45,250.5,4,3,3,0.85,0.80,1,0.90,0.75,0.15,0,2,11,50.2,0.70,0.20,3,0.65,0.90,0.85
8,0.10,390.4,2,1,6,0.60,0.45,0,0.65,0.55,0.45,0,5,4,320.7,0.50,0.50,1,0.40,0.65,0.55
16,0.60,220.3,5,3,2,0.90,0.85,1,0.95,0.80,0.10,0,1,13,20.1,0.80,0.15,4,0.70,0.95,0.90
10,-0.15,440.8,2,1,7,0.55,0.40,0,0.60,0.50,0.50,0,6,3,400.6,0.45,0.55,1,0.45,0.60,0.50
12,0.35,280.7,3,2,4,0.75,0.65,1,0.80,0.70,0.25,1,3,8,100.4,0.65,0.35,4,0.55,0.80,0.75
7,0.05,510.9,1,0,8,0.50,0.30,0,0.55,0.45,0.60,0,7,2,600.8,0.35,0.65,0,0.30,0.50,0.40
15,0.50,240.6,4,3,3,0.85,0.80,1,0.90,0.75,0.15,0,2,10,60.3,0.75,0.20,3,0.65,0.90,0.80
9,-0.10,410.5,2,1,6,0.60,0.45,0,0.65,0.55,0.45,0,5,4,300.7,0.50,0.50,1,0.40,0.65,0.55
11,0.30,300.8,3,2,4,0.75,0.65,1,0.80,0.70,0.25,1,3,7,120.5,0.65,0.35,4,0.55,0.80,0.70
6,-0.05,490.2,1,0,7,0.50,0.35,0,0.60,0.50,0.55,0,6,3,500.9,0.40,0.60,0,0.35,0.55,0.45
14,0.45,260.5,4,3,3,0.85,0.80,1,0.90,0.75,0.15,0,2,11,50.2,0.70,0.20,3,0.65,0.90,0.85
8,0.10,400.4,2,1,6,0.60,0.45,0,0.65,0.55,0.45,0,5,4,320.7,0.50,0.50,1,0.40,0.65,0.55
16,0.60,230.3,5,3,2,0.90,0.85,1,0.95,0.80,0.10,0,1,13,20.1,0.80,0.15,4,0.70,0.95,0.90
10,0.25,190.6,3,2,5,0.70,0.60,1,0.75,0.65,0.30,1,4,6,140.3,0.60,0.40,4,0.50,0.80,0.70
8,-0.12,350.7,2,1,7,0.55,0.40,0,0.60,0.50,0.50,0,6,3,410.6,0.45,0.55,1,0.45,0.60,0.50
13,0.48,110.4,4,3,3,0.85,0.80,1,0.90,0.75,0.15,0,2,10,55.2,0.75,0.20,3,0.65,0.90,0.80
7,0.03,420.8,1,0,8,0.50,0.30,0,0.55,0.45,0.60,0,7,2,620.7,0.35,0.65,0,0.30,0.50,0.40
15,0.58,100.5,5,3,2,0.90,0.85,1,0.95,0.80,0.10,0,1,12,25.1,0.80,0.15,4,0.70,0.95,0.90
9,-0.08,310.5,2,1,6,0.60,0.45,0,0.65,0.55,0.45,0,5,4,315.8,0.50,0.50,1,0.40,0.65,0.55
11,0.32,170.8,3,2,4,0.75,0.65,1,0.80,0.70,0.25,1,3,7,115.4,0.65,0.35,4,0.55,0.80,0.75
6,-0.03,390.3,1,0,7,0.50,0.35,0,0.60,0.50,0.55,0,6,3,505.9,0.40,0.60,0,0.35,0.55,0.45
14,0.50,130.6,4,3,3,0.85,0.80,1,0.90,0.75,0.15,0,2,11,50.3,0.70,0.20,3,0.65,0.90,0.85
10,0.20,200.7,3,2,5,0.70,0.60,1,0.75,0.65,0.30,1,4,6,135.5,0.60,0.40,4,0.50,0.80,0.70
12,0.42,120.5,4,3,2,0.90,0.85,1,0.95,0.80,0.10,0,1,13,20.2,0.80,0.15,4,0.70,0.95,0.90
8,-0.18,320.6,2,1,6,0.60,0.45,0,0.65,0.55,0.45,0,5,4,325.7,0.50,0.50,1,0.40,0.65,0.55
11,0.28,180.7,3,2,4,0.75,0.65,1,0.80,0.70,0.25,1,3,7,120.5,0.65,0.35,4,0.55,0.80,0.75
7,-0.02,400.2,1,0,7,0.50,0.35,0,0.60,0.50,0.55,0,6,3,510.9,0.40,0.60,0,0.35,0.55,0.45
14,0.52,140.4,4,3,3,0.85,0.80,1,0.90,0.75,0.15,0,2,11,50.2,0.70,0.20,3,0.65,0.90,0.85
9,0.15,290.5,2,1,6,0.60,0.45,0,0.65,0.55,0.45,0,5,4,310.7,0.50,0.50,1,0.40,0.65,0.55
16,0.60,110.3,5,3,2,0.90,0.85,1,0.95,0.80,0.10,0,1,13,20.1,0.80,0.15,4,0.70,0.95,0.90
10,-0.10,340.8,2,1,7,0.55,0.40,0,0.60,0.50,0.50,0,6,3,400.6,0.45,0.55,1,0.45,0.60,0.50
12,0.35,160.7,3,2,4,0.75,0.65,1,0.80,0.70,0.25,1,3,8,100.4,0.65,0.35,4,0.55,0.80,0.75
7,0.05,410.9,1,0,8,0.50,0.30,0,0.55,0.45,0.60,0,7,2,600.8,0.35,0.65,0,0.30,0.50,0.40
15,0.45,130.6,4,3,3,0.85,0.80,1,0.90,0.75,0.15,0,2,10,60.3,0.75,0.20,3,0.65,0.90,0.80
9,-0.10,300.5,2,1,6,0.60,0.45,0,0.65,0.55,0.45,0,5,4,300.7,0.50,0.50,1,0.40,0.65,0.55
11,0.30,180.8,3,2,4,0.75,0.65,1,0.80,0.70,0.25,1,3,7,120.5,0.65,0.35,4,0.55,0.80,0.70
6,-0.05,380.2,1,0,7,0.50,0.35,0,0.60,0.50,0.55,0,6,3,500.9,0.40,0.60,0,0.35,0.55,0.45
14,0.50,150.5,4,3,3,0.85,0.80,1,0.90,0.75,0.15,0,2,11,50.2,0.70,0.20,3,0.65,0.90,0.85
8,0.10,280.4,2,1,6,0.60,0.45,0,0.65,0.55,0.45,0,5,4,320.7,0.50,0.50,1,0.40,0.65,0.55
16,0.55,120.3,5,3,2,0.90,0.85,1,0.95,0.80,0.10,0,1,13,20.1,0.80,0.15,4,0.70,0.95,0.90
10,-0.15,350.8,2,1,7,0.55,0.40,0,0.60,0.50,0.50,0,6,3,400.6,0.45,0.55,1,0.45,0.60,0.50
12,0.35,170.7,3,2,4,0.75,0.65,1,0.80,0.70,0.25,1,3,8,100.4,0.65,0.35,4,0.55,0.80,0.75
7,0.05,400.9,1,0,8,0.50,0.30,0,0.55,0.45,0.60,0,7,2,600.8,0.35,0.65,0,0.30,0.50,0.40
15,0.45,140.6,4,3,3,0.85,0.80,1,0.90,0.75,0.15,0,2,10,60.3,0.75,0.20,3,0.65,0.90,0.80
9,-0.10,310.5,2,1,6,0.60,0.45,0,0.65,0.55,0.45,0,5,4,300.7,0.50,0.50,1,0.40,0.65,0.55
11,0.30,190.8,3,2,4,0.75,0.65,1,0.80,0.70,0.25,1,3,7,120.5,0.65,0.35,4,0.55,0.80,0.70
6,-0.05,390.2,1,0,7,0.50,0.35,0,0.60,0.50,0.55,0,6,3,500.9,0.40,0.60,0,0.35,0.55,0.45
14,0.50,160.5,4,3,3,0.85,0.80,1,0.90,0.75,0.15,0,2,11,50.2,0.70,0.20,3,0.65,0.90,0.85
8,0.10,290.4,2,1,6,0.60,0.45,0,0.65,0.55,0.45,0,5,4,320.7,0.50,0.50,1,0.40,0.65,0.55
16,0.55,130.3,5,3,2,0.90,0.85,1,0.95,0.80,0.10,0,1,13,20.1,0.80,0.15,4,0.70,0.95,0.90
10,-0.15,360.8,2,1,7,0.55,0.40,0,0.60,0.50,0.50,0,6,3,400.6,0.45,0.55,1,0.45,0.60,0.50
12,0.35,180.7,3,2,4,0.75,0.65,1,0.80,0.70,0.25,1,3,8,100.4,0.65,0.35,4,0.55,0.80,0.75
7,0.05,410.9,1,0,8,0.50,0.30,0,0.55,0.45,0.60,0,7,2,600.8,0.35,0.65,0,0.30,0.50,0.40
15,0.45,150.6,4,3,3,0.85,0.80,1,0.90,0.75,0.15,0,2,10,60.3,0.75,0.20,3,0.65,0.90,0.80
9,-0.10,320.5,2,1,6,0.60,0.45,0,0.65,0.55,0.45,0,5,4,300.7,0.50,0.50,1,0.40,0.65,0.55
11,0.30,200.8,3,2,4,0.75,0.65,1,0.80,0.70,0.25,1,3,7,120.5,0.65,0.35,4,0.55,0.80,0.70
6,-0.05,400.2,1,0,7,0.50,0.35,0,0.60,0.50,0.55,0,6,3,500.9,0.40,0.60,0,0.35,0.55,0.45
14,0.50,170.5,4,3,3,0.85,0.80,1,0.90,0.75,0.15,0,2,11,50.2,0.70,0.20,3,0.65,0.90,0.85
8,0.10,300.4,2,1,6,0.60,0.45,0,0.65,0.55,0.45,0,5,4,320.7,0.50,0.50,1,0.40,0.65,0.55
16,0.55,140.3,5,3,2,0.90,0.85,1,0.95,0.80,0.10,0,1,13,20.1,0.80,0.15,4,0.70,0.95,0.90
10,-0.15,370.8,2,1,7,0.55,0.40,0,0.60,0.50,0.50,0,6,3,400.6,0.45,0.55,1,0.45,0.60,0.50
12,0.35,190.7,3,2,4,0.75,0.65,1,0.80,0.70,0.25,1,3,8,100.4,0.65,0.35,4,0.55,0.80,0.75
7,0.05,420.9,1,0,8,0.50,0.30,0,0.55,0.45,0.60,0,7,2,600.8,0.35,0.65,0,0.30,0.50,0.40
15,0.45,160.6,4,3,3,0.85,0.80,1,0.90,0.75,0.15,0,2,10,60.3,0.75,0.20,3,0.65,0.90,0.80
9,-0.10,330.5,2,1,6,0.60,0.45,0,0.65,0.55,0.45,0,5,4,300.7,0.50,0.50,1,0.40,0.65,0.55
11,0.30,210.8,3,2,4,0.75,0.65,1,0.80,0.70,0.25,1,3,7,120.5,0.65,0.35,4,0.55,0.80,0.70
6,-0.05,410.2,1,0,7,0.50,0.35,0,0.60,0.50,0.55,0,6,3,500.9,0.40,0.60,0,0.35,0.55,0.45
14,0.50,180.5,4,3,3,0.85,0.80,1,0.90,0.75,0.15,0,2,11,50.2,0.70,0.20,3,0.65,0.90,0.85
8,0.10,310.4,2,1,6,0.60,0.45,0,0.65,0.55,0.45,0,5,4,320.7,0.50,0.50,1,0.40,0.65,0.55
16,0.55,150.3,5,3,2,0.90,0.85,1,0.95,0.80,0.10,0,1,13,20.1,0.80,0.15,4,0.70,0.95,0.90
10,-0.15,380.8,2,1,7,0.55,0.40,0,0.60,0.50,0.50,0,6,3,400.6,0.45,0.55,1,0.45,0.60,0.50
12,0.35,200.7,3,2,4,0.75,0.65,1,0.80,0.70,0.25,1,3,8,100.4,0.65,0.35,4,0.55,0.80,0.75
7,0.05,430.9,1,0,8,0.50,0.30,0,0.55,0.45,0.60,0,7,2,600.8,0.35,0.65,0,0.30,0.50,0.40
15,0.45,170.6,4,3,3,0.85,0.80,1,0.90,0.75,0.15,0,2,10,60.3,0.75,0.20,3,0.65,0.90,0.80
9,-0.10,340.5,2,1,6,0.60,0.45,0,0.65,0.55,0.45,0,5,4,300.7,0.50,0.50,1,0.40,0.65,0.55
11,0.30,220.8,3,2,4,0.75,0.65,1,0.80,0.70,0.25,1,3,7,120.5,0.65,0.35,4,0.55,0.80,0.70
6,-0.05,420.2,1,0,7,0.50,0.35,0,0.60,0.50,0.55,0,6,3,500.9,0.40,0.60,0,0.35,0.55,0.45
14,0.50,190.5,4,3,3,0.85,0.80,1,0.90,0.75,0.15,0,2,11,50.2,0.70,0.20,3,0.65,0.90,0.85
8,0.10,320.4,2,1,6,0.60,0.45,0,0.65,0.55,0.45,0,5,4,320.7,0.50,0.50,1,0.40,0.65,0.55
16,0.55,160.3,5,3,2,0.90,0.85,1,0.95,0.80,0.10,0,1,13,20.1,0.80,0.15,4,0.70,0.95,0.90
10,-0.15,390.8,2,1,7,0.55,0.40,0,0.60,0.50,0.50,0,6,3,400.6,0.45,0.55,1,0.45,0.60,0.50
12,0.35,210.7,3,2,4,0.75,0.65,1,0.80,0.70,0.25,1,3,8,100.4,0.65,0.35,4,0.55,0.80,0.75
7,0.05,440.9,1,0,8,0.50,0.30,0,0.55,0.45,0.60,0,7,2,600.8,0.35,0.65,0,0.30,0.50,0.40
15,0.45,180.6,4,3,3,0.85,0.80,1,0.90,0.75,0.15,0,2,10,60.3,0.75,0.20,3,0.65,0.90,0.80
9,-0.10,350.5,2,1,6,0.60,0.45,0,0.65,0.55,0.45,0,5,4,300.7,0.50,0.50,1,0.40,0.65,0.55
11,0.30,230.8,3,2,4,0.75,0.65,1,0.80,0.70,0.25,1,3,7,120.5,0.65,0.35,4,0.55,0.80,0.70
6,-0.05,430.2,1,0,7,0.50,0.35,0,0.60,0.50,0.55,0,6,3,500.9,0.40,0.60,0,0.35,0.55,0.45
14,0.50,200.5,4,3,3,0.85,0.80,1,0.90,0.75,0.15,0,2,11,50.2,0.70,0.20,3,0.65,0.90,0.85
8,0.10,330.4,2,1,6,0.60,0.45,0,0.65,0.55,0.45,0,5,4,320.7,0.50,0.50,1,0.40,0.65,0.55
16,0.55,170.3,5,3,2,0.90,0.85,1,0.95,0.80,0.10,0,1,13,20.1,0.80,0.15,4,0.70,0.95,0.90
10,-0.15,400.8,2,1,7,0.55,0.40,0,0.60,0.50,0.50,0,6,3,400.6,0.45,0.55,1,0.45,0.60,0.50
12,0.35,220.7,3,2,4,0.75,0.65,1,0.80,0.70,0.25,1,3,8,100.4,0.65,0.35,4,0.55,0.80,0.75
7,0.05,450.9,1,0,8,0.50,0.30,0,0.55,0.45,0.60,0,7,2,600.8,0.35,0.65,0,0.30,0.50,0.40
15,0.45,190.6,4,3,3,0.85,0.80,1,0.90,0.75,0.15,0,2,10,60.3,0.75,0.20,3,0.65,0.90,0.80
9,-0.10,360.5,2,1,6,0.60,0.45,0,0.65,0.55,0.45,0,5,4,300.7,0.50,0.50,1,0.40,0.65,0.55
11,0.30,240.8,3,2,4,0.75,0.65,1,0.80,0.70,0.25,1,3,7,120.5,0.65,0.35,4,0.55,0.80,0.70
6,-0.05,440.2,1,0,7,0.50,0.35,0,0.60,0.50,0.55,0,6,3,500.9,0.40,0.60,0,0.35,0.55,0.45
14,0.50,210.5,4,3,3,0.85,0.80,1,0.90,0.75,0.15,0,2,11,50.2,0.70,0.20,3,0.65,0.90,0.85
8,0.10,340.4,2,1,6,0.60,0.45,0,0.65,0.55,0.45,0,5,4,320.7,0.50,0.50,1,0.40,0.65,0.55
16,0.55,180.3,5,3,2,0.90,0.85,1,0.95,0.80,0.10,0,1,13,20.1,0.80,0.15,4,0.70,0.95,0.90
10,-0.15,410.8,2,1,7,0.55,0.40,0,0.60,0.50,0.50,0,6,3,400.6,0.45,0.55,1,0.45,0.60,0.50
12,0.35,230.7,3,2,4,0.75,0.65,1,0.80,0.70,0.25,1,3,8,100.4,0.65,0.35,4,0.55,0.80,0.75
7,0.05,460.9,1,0,8,0.50,0.30,0,0.55,0.45,0.60,0,7,2,600.8,0.35,0.65,0,0.30,0.50,0.40
15,0.45,200.6,4,3,3,0.85,0.80,1,0.90,0.75,0.15,0,2,10,60.3,0.75,0.20,3,0.65,0.90,0.80
9,-0.10,370.5,2,1,6,0.60,0.45,0,0.65,0.55,0.45,0,5,4,300.7,0.50,0.50,1,0.40,0.65,0.55
11,0.30,250.8,3,2,4,0.75,0.65,1,0.80,0.70,0.25,1,3,7,120.5,0.65,0.35,4,0.55,0.80,0.70
6,-0.05,450.2,1,0,7,0.50,0.35,0,0.60,0.50,0.55,0,6,3,500.9,0.40,0.60,0,0.35,0.55,0.45
14,0.50,220.5,4,3,3,0.85,0.80,1,0.90,0.75,0.15,0,2,11,50.2,0.70,0.20,3,0.65,0.90,0.85
8,0.10,350.4,2,1,6,0.60,0.45,0,0.65,0.55,0.45,0,5,4,320.7,0.50,0.50,1,0.40,0.65,0.55
16,0.55,190.3,5,3,2,0.90,0.85,1,0.95,0.80,0.10,0,1,13,20.1,0.80,0.15,4,0.70,0.95,0.90
10,-0.15,420.8,2,1,7,0.55,0.40,0,0.60,0.50,0.50,0,6,3,400.6,0.45,0.55,1,0.45,0.60,0.50
12,0.35,240.7,3,2,4,0.75,0.65,1,0.80,0.70,0.25,1,3,8,100.4,0.65,0.35,4,0.55,0.80,0.75
7,0.05,470.9,1,0,8,0.50,0.30,0,0.55,0.45,0.60,0,7,2,600.8,0.35,0.65,0,0.30,0.50,0.40
15,0.45,210.6,4,3,3,0.85,0.80,1,0.90,0.75,0.15,0,2,10,60.3,0.75,0.20,3,0.65,0.90,0.80
9,-0.10,380.5,2,1,6,0.60,0.45,0,0.65,0.55,0.45,0,5,4,300.7,0.50,0.50,1,0.40,0.65,0.55
11,0.30,260.8,3,2,4,0.75,0.65,1,0.80,0.70,0.25,1,3,7,120.5,0.65,0.35,4,0.55,0.80,0.70
6,-0.05,460.2,1,0,7,0.50,0.35,0,0.60,0.50,0.55,0,6,3,500.9,0.40,0.60,0,0.35,0.55,0.45
14,0.50,230.5,4,3,3,0.85,0.80,1,0.90,0.75,0.15,0,2,11,50.2,0.70,0.20,3,0.65,0.90,0.85
8,0.10,360.4,2,1,6,0.60,0.45,0,0.65,0.55,0.45,0,5,4,320.7,0.50,0.50,1,0.40,0.65,0.55
16,0.55,200.3,5,3,2,0.90,0.85,1,0.95,0.80,0.10,0,1,13,20.1,0.80,0.15,4,0.70,0.95,0.90
11,0.22,195.6,3,2,5,0.71,0.61,1,0.76,0.66,0.31,1,4,6,145.3,0.61,0.41,4,0.51,0.81,0.71
9,-0.11,355.7,2,1,7,0.56,0.41,0,0.61,0.51,0.51,0,6,3,415.6,0.46,0.56,1,0.46,0.61,0.51
14,0.49,115.4,4,3,3,0.86,0.81,1,0.91,0.76,0.16,0,2,10,56.2,0.76,0.21,3,0.66,0.91,0.81
7,0.04,425.8,1,0,8,0.51,0.31,0,0.56,0.46,0.61,0,7,2,625.7,0.36,0.66,0,0.31,0.51,0.41
15,0.59,105.5,5,3,2,0.91,0.86,1,0.96,0.81,0.11,0,1,12,26.1,0.81,0.16,4,0.71,0.96,0.91
8,-0.09,315.5,2,1,6,0.61,0.46,0,0.66,0.56,0.46,0,5,4,320.8,0.51,0.51,1,0.41,0.66,0.56
12,0.33,175.8,3,2,4,0.76,0.66,1,0.81,0.71,0.26,1,3,7,116.4,0.66,0.36,4,0.56,0.81,0.76
6,-0.02,395.3,1,0,7,0.51,0.36,0,0.61,0.51,0.56,0,6,3,510.9,0.41,0.61,0,0.36,0.56,0.46
14,0.51,135.6,4,3,3,0.86,0.81,1,0.91,0.76,0.16,0,2,11,51.3,0.71,0.21,3,0.66,0.91,0.86
10,0.21,205.7,3,2,5,0.71,0.61,1,0.76,0.66,0.31,1,4,6,140.5,0.61,0.41,4,0.51,0.81,0.71
13,0.43,125.5,4,3,2,0.91,0.86,1,0.96,0.81,0.11,0,1,13,21.2,0.81,0.16,4,0.71,0.96,0.91
8,-0.17,325.6,2,1,6,0.61,0.46,0,0.66,0.56,0.46,0,5,4,330.7,0.51,0.51,1,0.41,0.66,0.56
11,0.29,185.7,3,2,4,0.76,0.66,1,0.81,0.71,0.26,1,3,7,121.5,0.66,0.36,4,0.56,0.81,0.76
7,-0.01,405.2,1,0,7,0.51,0.36,0,0.61,0.51,0.56,0,6,3,515.9,0.41,0.61,0,0.36,0.56,0.46
14,0.53,145.4,4,3,3,0.86,0.81,1,0.91,0.76,0.16,0,2,11,52.2,0.71,0.21,3,0.66,0.91,0.86
9,0.16,295.5,2,1,6,0.61,0.46,0,0.66,0.56,0.46,0,5,4,315.7,0.51,0.51,1,0.41,0.66,0.56
16,0.61,115.3,5,3,2,0.91,0.86,1,0.96,0.81,0.11,0,1,13,21.1,0.81,0.16,4,0.71,0.96,0.91
10,-0.09,345.8,2,1,7,0.56,0.41,0,0.61,0.51,0.51,0,6,3,405.6,0.46,0.56,1,0.46,0.61,0.51
12,0.36,165.7,3,2,4,0.76,0.66,1,0.81,0.71,0.26,1,3,8,101.4,0.66,0.36,4,0.56,0.81,0.76
7,0.06,415.9,1,0,8,0.51,0.31,0,0.56,0.46,0.61,0,7,2,605.8,0.36,0.66,0,0.31,0.51,0.41
15,0.46,135.6,4,3,3,0.86,0.81,1,0.91,0.76,0.16,0,2,10,61.3,0.76,0.21,3,0.66,0.91,0.81
9,-0.09,305.5,2,1,6,0.61,0.46,0,0.66,0.56,0.46,0,5,4,305.7,0.51,0.51,1,0.41,0.66,0.56
11,0.31,190.8,3,2,4,0.76,0.66,1,0.81,0.71,0.26,1,3,7,121.5,0.66,0.36,4,0.56,0.81,0.76
6,-0.04,385.2,1,0,7,0.51,0.36,0,0.61,0.51,0.56,0,6,3,505.9,0.41,0.61,0,0.36,0.56,0.46
14,0.51,155.5,4,3,3,0.86,0.81,1,0.91,0.76,0.16,0,2,11,51.2,0.71,0.21,3,0.66,0.91,0.86
8,0.11,285.4,2,1,6,0.61,0.46,0,0.66,0.56,0.46,0,5,4,325.7,0.51,0.51,1,0.41,0.66,0.56
16,0.56,125.3,5,3,2,0.91,0.86,1,0.96,0.81,0.11,0,1,13,21.1,0.81,0.16,4,0.71,0.96,0.91
10,-0.14,355.8,2,1,7,0.56,0.41,0,0.61,0.51,0.51,0,6,3,405.6,0.46,0.56,1,0.46,0.61,0.51
12,0.36,175.7,3,2,4,0.76,0.66,1,0.81,0.71,0.26,1,3,8,101.4,0.66,0.36,4,0.56,0.81,0.76
7,0.06,425.9,1,0,8,0.51,0.31,0,0.56,0.46,0.61,0,7,2,605.8,0.36,0.66,0,0.31,0.51,0.41
15,0.46,145.6,4,3,3,0.86,0.81,1,0.91,0.76,0.16,0,2,10,61.3,0.76,0.21,3,0.66,0.91,0.81
9,-0.09,315.5,2,1,6,0.61,0.46,0,0.66,0.56,0.46,0,5,4,305.7,0.51,0.51,1,0.41,0.66,0.56
11,0.31,200.8,3,2,4,0.76,0.66,1,0.81,0.71,0.26,1,3,7,121.5,0.66,0.36,4,0.56,0.81,0.76
6,-0.04,395.2,1,0,7,0.51,0.36,0,0.61,0.51,0.56,0,6,3,505.9,0.41,0.61,0,0.36,0.56,0.46
14,0.51,165.5,4,3,3,0.86,0.81,1,0.91,0.76,0.16,0,2,11,51.2,0.71,0.21,3,0.66,0.91,0.86
8,0.11,295.4,2,1,6,0.61,0.46,0,0.66,0.56,0.46,0,5,4,325.7,0.51,0.51,1,0.41,0.66,0.56
16,0.56,135.3,5,3,2,0.91,0.86,1,0.96,0.81,0.11,0,1,13,21.1,0.81,0.16,4,0.71,0.96,0.91
10,-0.14,365.8,2,1,7,0.56,0.41,0,0.61,0.51,0.51,0,6,3,405.6,0.46,0.56,1,0.46,0.61,0.51
12,0.36,185.7,3,2,4,0.76,0.66,1,0.81,0.71,0.26,1,3,8,101.4,0.66,0.36,4,0.56,0.81,0.76
7,0.06,435.9,1,0,8,0.51,0.31,0,0.56,0.46,0.61,0,7,2,605.8,0.36,0.66,0,0.31,0.51,0.41
15,0.46,155.6,4,3,3,0.86,0.81,1,0.91,0.76,0.16,0,2,10,61.3,0.76,0.21,3,0.66,0.91,0.81
9,-0.09,325.5,2,1,6,0.61,0.46,0,0.66,0.56,0.46,0,5,4,305.7,0.51,0.51,1,0.41,0.66,0.56
11,0.31,210.8,3,2,4,0.76,0.66,1,0.81,0.71,0.26,1,3,7,121.5,0.66,0.36,4,0.56,0.81,0.76
6,-0.04,405.2,1,0,7,0.51,0.36,0,0.61,0.51,0.56,0,6,3,505.9,0.41,0.61,0,0.36,0.56,0.46
14,0.51,175.5,4,3,3,0.86,0.81,1,0.91,0.76,0.16,0,2,11,51.2,0.71,0.21,3,0.66,0.91,0.86
8,0.11,305.4,2,1,6,0.61,0.46,0,0.66,0.56,0.46,0,5,4,325.7,0.51,0.51,1,0.41,0.66,0.56
16,0.56,145.3,5,3,2,0.91,0.86,1,0.96,0.81,0.11,0,1,13,21.1,0.81,0.16,4,0.71,0.96,0.91
10,-0.14,375.8,2,1,7,0.56,0.41,0,0.61,0.51,0.51,0,6,3,405.6,0.46,0.56,1,0.46,0.61,0.51
12,0.36,195.7,3,2,4,0.76,0.66,1,0.81,0.71,0.26,1,3,8,101.4,0.66,0.36,4,0.56,0.81,0.76
7,0.06,445.9,1,0,8,0.51,0.31,0,0.56,0.46,0.61,0,7,2,605.8,0.36,0.66,0,0.31,0.51,0.41
15,0.46,165.6,4,3,3,0.86,0.81,1,0.91,0.76,0.16,0,2,10,61.3,0.76,0.21,3,0.66,0.91,0.81
9,-0.09,335.5,2,1,6,0.61,0.46,0,0.66,0.56,0.46,0,5,4,305.7,0.51,0.51,1,0.41,0.66,0.56
11,0.31,220.8,3,2,4,0.76,0.66,1,0.81,0.71,0.26,1,3,7,121.5,0.66,0.36,4,0.56,0.81,0.76
6,-0.04,415.2,1,0,7,0.51,0.36,0,0.61,0.51,0.56,0,6,3,505.9,0.41,0.61,0,0.36,0.56,0.46
14,0.51,185.5,4,3,3,0.86,0.81,1,0.91,0.76,0.16,0,2,11,51.2,0.71,0.21,3,0.66,0.91,0.86
8,0.11,315.4,2,1,6,0.61,0.46,0,0.66,0.56,0.46,0,5,4,325.7,0.51,0.51,1,0.41,0.66,0.56
16,0.56,155.3,5,3,2,0.91,0.86,1,0.96,0.81,0.11,0,1,13,21.1,0.81,0.16,4,0.71,0.96,0.91
10,-0.14,385.8,2,1,7,0.56,0.41,0,0.61,0.51,0.51,0,6,3,405.6,0.46,0.56,1,0.46,0.61,0.51
12,0.36,205.7,3,2,4,0.76,0.66,1,0.81,0.71,0.26,1,3,8,101.4,0.66,0.36,4,0.56,0.81,0.76
7,0.06,455.9,1,0,8,0.51,0.31,0,0.56,0.46,0.61,0,7,2,605.8,0.36,0.66,0,0.31,0.51,0.41
15,0.46,175.6,4,3,3,0.86,0.81,1,0.91,0.76,0.16,0,2,10,61.3,0.76,0.21,3,0.66,0.91,0.81
9,-0.09,345.5,2,1,6,0.61,0.46,0,0.66,0.56,0.46,0,5,4,305.7,0.51,0.51,1,0.41,0.66,0.56
11,0.31,230.8,3,2,4,0.76,0.66,1,0.81,0.71,0.26,1,3,7,121.5,0.66,0.36,4,0.56,0.81,0.76
6,-0.04,425.2,1,0,7,0.51,0.36,0,0.61,0.51,0.56,0,6,3,505.9,0.41,0.61,0,0.36,0.56,0.46
14,0.51,195.5,4,3,3,0.86,0.81,1,0.91,0.76,0.16,0,2,11,51.2,0.71,0.21,3,0.66,0.91,0.86
8,0.11,325.4,2,1,6,0.61,0.46,0,0.66,0.56,0.46,0,5,4,325.7,0.51,0.51,1,0.41,0.66,0.56
16,0.56,165.3,5,3,2,0.91,0.86,1,0.96,0.81,0.11,0,1,13,21.1,0.81,0.16,4,0.71,0.96,0.91
10,-0.14,395.8,2,1,7,0.56,0.41,0,0.61,0.51,0.51,0,6,3,405.6,0.46,0.56,1,0.46,0.61,0.51
12,0.36,215.7,3,2,4,0.76,0.66,1,0.81,0.71,0.26,1,3,8,101.4,0.66,0.36,4,0.56,0.81,0.76
7,0.06,465.9,1,0,8,0.51,0.31,0,0.56,0.46,0.61,0,7,2,605.8,0.36,0.66,0,0.31,0.51,0.41
15,0.46,185.6,4,3,3,0.86,0.81,1,0.91,0.76,0.16,0,2,10,61.3,0.76,0.21,3,0.66,0.91,0.81
9,-0.09,355.5,2,1,6,0.61,0.46,0,0.66,0.56,0.46,0,5,4,305.7,0.51,0.51,1,0.41,0.66,0.56
11,0.31,240.8,3,2,4,0.76,0.66,1,0.81,0.71,0.26,1,3,7,121.5,0.66,0.36,4,0.56,0.81,0.76
6,-0.04,435.2,1,0,7,0.51,0.36,0,0.61,0.51,0.56,0,6,3,505.9,0.41,0.61,0,0.36,0.56,0.46
14,0.51,205.5,4,3,3,0.86,0.81,1,0.91,0.76,0.16,0,2,11,51.2,0.71,0.21,3,0.66,0.91,0.86
8,0.11,335.4,2,1,6,0.61,0.46,0,0.66,0.56,0.46,0,5,4,325.7,0.51,0.51,1,0.41,0.66,0.56
16,0.56,175.3,5,3,2,0.91,0.86,1,0.96,0.81,0.11,0,1,13,21.1,0.81,0.16,4,0.71,0.96,0.91
10,-0.14,405.8,2,1,7,0.56,0.41,0,0.61,0.51,0.51,0,6,3,405.6,0.46,0.56,1,0.46,0.61,0.51
12,0.36,225.7,3,2,4,0.76,0.66,1,0.81,0.71,0.26,1,3,8,101.4,0.66,0.36,4,0.56,0.81,0.76
7,0.06,475.9,1,0,8,0.51,0.31,0,0.56,0.46,0.61,0,7,2,605.8,0.36,0.66,0,0.31,0.51,0.41
15,0.46,195.6,4,3,3,0.86,0.81,1,0.91,0.76,0.16,0,2,10,61.3,0.76,0.21,3,0.66,0.91,0.81
9,-0.09,365.5,2,1,6,0.61,0.46,0,0.66,0.56,0.46,0,5,4,305.7,0.51,0.51,1,0.41,0.66,0.56
11,0.31,250.8,3,2,4,0.76,0.66,1,0.81,0.71,0.26,1,3,7,121.5,0.66,0.36,4,0.56,0.81,0.76
6,-0.04,445.2,1,0,7,0.51,0.36,0,0.61,0.51,0.56,0,6,3,505.9,0.41,0.61,0,0.36,0.56,0.46
14,0.51,215.5,4,3,3,0.86,0.81,1,0.91,0.76,0.16,0,2,11,51.2,0.71,0.21,3,0.66,0.91,0.86
8,0.11,345.4,2,1,6,0.61,0.46,0,0.66,0.56,0.46,0,5,4,325.7,0.51,0.51,1,0.41,0.66,0.56
16,0.56,185.3,5,3,2,0.91,0.86,1,0.96,0.81,0.11,0,1,13,21.1,0.81,0.16,4,0.71,0.96,0.91
10,-0.14,415.8,2,1,7,0.56,0.41,0,0.61,0.51,0.51,0,6,3,405.6,0.46,0.56,1,0.46,0.61,0.51
12,0.36,235.7,3,2,4,0.76,0.66,1,0.81,0.71,0.26,1,3,8,101.4,0.66,0.36,4,0.56,0.81,0.76
7,0.06,485.9,1,0,8,0.51,0.31,0,0.56,0.46,0.61,0,7,2,605.8,0.36,0.66,0,0.31,0.51,0.41
15,0.46,205.6,4,3,3,0.86,0.81,1,0.91,0.76,0.16,0,2,10,61.3,0.76,0.21,3,0.66,0.91,0.81
9,-0.09,375.5,2,1,6,0.61,0.46,0,0.66,0.56,0.46,0,5,4,305.7,0.51,0.51,1,0.41,0.66,0.56
11,0.31,260.8,3,2,4,0.76,0.66,1,0.81,0.71,0.26,1,3,7,121.5,0.66,0.36,4,0.56,0.81,0.76
6,-0.04,455.2,1,0,7,0.51,0.36,0,0.61,0.51,0.56,0,6,3,505.9,0.41,0.61,0,0.36,0.56,0.46
14,0.51,225.5,4,3,3,0.86,0.81,1,0.91,0.76,0.16,0,2,11,51.2,0.71,0.21,3,0.66,0.91,0.86
8,0.11,355.4,2,1,6,0.61,0.46,0,0.66,0.56,0.46,0,5,4,325.7,0.51,0.51,1,0.41,0.66,0.56
16,0.56,195.3,5,3,2,0.91,0.86,1,0.96,0.81,0.11,0,1,13,21.1,0.81,0.16,4,0.71,0.96,0.91
10,-0.14,425.8,2,1,7,0.56,0.41,0,0.61,0.51,0.51,0,6,3,405.6,0.46,0.56,1,0.46,0.61,0.51
12,0.36,245.7,3,2,4,0.76,0.66,1,0.81,0.71,0.26,1,3,8,101.4,0.66,0.36,4,0.56,0.81,0.76
7,0.06,495.9,1,0,8,0.51,0.31,0,0.56,0.46,0.61,0,7,2,605.8,0.36,0.66,0,0.31,0.51,0.41
15,0.46,215.6,4,3,3,0.86,0.81,1,0.91,0.76,0.16,0,2,10,61.3,0.76,0.21,3,0.66,0.91,0.81
9,-0.09,385.5,2,1,6,0.61,0.46,0,0.66,0.56,0.46,0,5,4,305.7,0.51,0.51,1,0.41,0.66,0.56
11,0.31,270.8,3,2,4,0.76,0.66,1,0.81,0.71,0.26,1,3,7,121.5,0.66,0.36,4,0.56,0.81,0.76
6,-0.04,465.2,1,0,7,0.51,0.36,0,0.61,0.51,0.56,0,6,3,505.9,0.41,0.61,0,0.36,0.56,0.46
14,0.51,235.5,4,3,3,0.86,0.81,1,0.91,0.76,0.16,0,2,11,51.2,0.71,0.21,3,0.66,0.91,0.86
8,0.11,365.4,2,1,6,0.61,0.46,0,0.66,0.56,0.46,0,5,4,325.7,0.51,0.51,1,0.41,0.66,0.56
16,0.56,205.3,5,3,2,0.91,0.86,1,0.96,0.81,0.11,0,1,13,21.1,0.81,0.16,4,0.71,0.96,0.91